,id,name,age,address,father_name
0,1,Willie Benjamin,28,"92253 Smith Inlet
Port Latoyaview, ND 38407",Michele Norman
1,2,Ethan Pearson,22,"7978 Gomez Port
New James, MH 13678",Kyle Mitchell
2,3,Vanessa Page,19,"288 Shaw Circles Suite 603
Mcculloughview, ID 58094",Timothy Rush
3,4,Jennifer Eaton,27,"USCGC Lee
FPO AP 26516",David Ortiz
4,5,Adam Fowler,24,"59439 Hanna Isle Apt. 184
Newmanshire, IN 83256",Johnny Mcintosh
5,6,Todd Smith,26,"93630 Munoz Manor Suite 478
Hugheschester, WV 57664",Nancy Gordon
6,7,Mark Ray,18,"4963 Smith Manors
Sharpfort, AZ 40112",Adam Jones
7,8,Antonio Myers,20,"4239 Lee Center
Lake Jonathan, NC 26298",Andrew Molina
8,9,Amanda Black,20,"PSC 2435, Box 7061
APO AA 07549",Joshua Adams
9,10,Shawn Wood,19,"25465 Joe Crest Suite 182
South Hunter, MT 30079",Kerri Lara
